SIN,FirstName,LastName,Sex,Occupation,Street,City,Province,PostalCode,DateOfBirth
99652593,Francoise,Rautenstrauch,F,student,2335 Canton Hwy #6,Hamilton,Ontario,L8S5N9,2015-5-28
99633175,Kendra,Loud,M,student,6 Arch St #9757,Hamilton,Ontario,L8S5W5,1979-6-18
99663720,Lourdes,Bauswell,M,student,9547 Belmont Rd #21,Hamilton,Ontario,L8S9Q8,1977-6-22
99661144,Hannah,Edmison,F,student,73 Pittsford Victor Rd,Hamilton,Ontario,L8S2M7,1979-6-16
99652816,Tom,Loeza,M,student,447 Commercial St Se,Hamilton,Ontario,L8S8B2,1972-1-18
99620705,Queenie,Kramarczyk,F,student,47 Garfield Ave,Hamilton,Ontario,L8S1O8,1977-6-6
99653992,Hui,Portaro,F,student,3 Mill Rd,Hamilton,Ontario,L8S1L5,1981-3-12
99647491,Josefa,Opitz,F,student,136 W Grand Ave #3,Hamilton,Ontario,L8S3C7,1981-10-23
99610181,Lea,Steinhaus,F,student,80 Maplewood Dr #34,Hamilton,Ontario,L8S2U8,1992-4-15
99627835,Paola,Vielma,M,student,58 Hancock St,Hamilton,Ontario,L8S9V6,1972-6-25
99612965,Hortencia,Bresser,F,student,808 Calle De Industrias,Hamilton,Ontario,L8S8X5,1971-11-4
99654063,Leanna,Tijerina,M,student,2859 Dorsett Rd,Hamilton,Ontario,L8S5L2,1976-2-27
99644768,Danilo,Pride,M,student,6857 Wall St,Hamilton,Ontario,L8S3K4,1974-12-26
99657102,Huey,Marcille,F,student,169 Journal Sq,Hamilton,Ontario,L8S2L7,1982-1-17
99655103,Apolonia,Warne,M,student,3 E 31st St #77,Hamilton,Ontario,L8S8I3,2015-9-28
99632485,Chandra,Lagos,M,student,7 N Dean St,Hamilton,Ontario,L8S3J8,1989-4-24
99634773,Crissy,Pacholec,M,student,85 S State St,Hamilton,Ontario,L8S6S7,1988-3-14
99615651,Gianna,Branin,M,student,100 Main St,Hamilton,Ontario,L8S5G8,1972-10-13
99639675,Valentin,Billa,M,student,6185 Bohn St #72,Hamilton,Ontario,L8S9A7,1992-12-29
99623984,Ilona,Dudash,F,student,2 Sutton Pl S #5727,Hamilton,Ontario,L8S5L3,1992-8-1
99653805,Willard,Lablanc,F,student,1534 Sidco Dr,Hamilton,Ontario,L8S1K5,1993-6-3
99635031,Lauryn,Randol,F,student,4207 Leon Rd,Hamilton,Ontario,L8S4R4,1985-2-3
99611308,Laurena,Begin,M,student,7564 N Academy Ave,Hamilton,Ontario,L8S2A6,1983-4-26
99640489,Elise,Michelle,M,student,88 E Saint Elmo Rd,Hamilton,Ontario,L8S4Y7,1992-4-30
99635488,Corrie,Kardell,M,student,75 Westchester Ave,Hamilton,Ontario,L8S1C9,1981-8-11
99659765,Kimberely,Rabuse,M,student,89 W 35th St #1,Hamilton,Ontario,L8S5V1,1975-1-8
99622868,Tish,Violett,M,student,1 Norris Ave #4095,Hamilton,Ontario,L8S6W5,2015-2-3
99643450,Hollis,Stanfield,M,student,5174 Interstate 45 N,Hamilton,Ontario,L8S7F1,1976-5-31
99656383,Andree,Christmann,M,student,765 Rock Island Rd,Hamilton,Ontario,L8S9G1,1972-10-15
99645180,Lyla,Fucillo,F,student,7979 33  191,Hamilton,Ontario,L8S8O3,1984-2-4
99662881,Felton,Yafuso,M,student,202 Madison Ave,Hamilton,Ontario,L8S1H8,1977-12-19
99646662,Dell,Polino,M,student,56 Corporate Dr,Hamilton,Ontario,L8S3W8,1975-4-5
99650533,Nohemi,Leko,F,student,37 Us Highway 12e E #6,Hamilton,Ontario,L8S4F3,1983-12-25
99658948,Tambra,Lembke,M,student,6734 W Jackson Blvd,Hamilton,Ontario,L8S2Z4,1972-2-27
99611082,Vicki,Maikoksoong,M,student,7 Tomahawk Dr,Hamilton,Ontario,L8S6P2,1986-2-28
99636887,Renato,Airhart,M,student,1 Vernon Blvd,Hamilton,Ontario,L8S1R4,1989-10-9
99657049,Lenita,Darbro,F,student,2726 Franklin Hill Rd,Hamilton,Ontario,L8S6X9,1973-4-8
99625934,Barney,Hagen,F,student,6335 Fort Myer Dr,Hamilton,Ontario,L8S2E8,1992-12-29
99657155,Matthew,Armacost,F,student,220 Old Us Highway 441,Hamilton,Ontario,L8S1M6,1991-3-2
99657500,Belen,Nelton,F,student,77 Central Pky N,Hamilton,Ontario,L8S5P2,1972-7-8
99621172,Iesha,Wardle,F,student,781 Alabama Ave,Hamilton,Ontario,L8S6Q3,1971-5-1
99647917,Francesco,Sarchet,M,student,22 Dearborn St,Hamilton,Ontario,L8S6G4,1985-4-11
99627317,Paulene,Rhule,M,student,21 E 64th Ave,Hamilton,Ontario,L8S8H8,1988-9-30
99645825,Carole,Hughlett,M,student,9 N Central Ave,Hamilton,Ontario,L8S2N9,1991-8-4
99644090,Miss,Dunning,F,student,38 Douglas Rd E #39,Hamilton,Ontario,L8S1H4,1973-2-11
99638958,Elfrieda,Hinsch,M,student,4929 Sidney St #8276,Hamilton,Ontario,L8S5D8,1991-7-11
99644444,Edelmira,Calzado,M,student,4936 Walcott Rd,Hamilton,Ontario,L8S4U7,1981-6-23
99610249,Jaime,Wasurick,F,student,6760 E Fayette St #9,Hamilton,Ontario,L8S3A5,1986-8-20
99653244,Lera,Hua,M,student,6638 S Webster St #491,Hamilton,Ontario,L8S6Y1,1992-6-1
99666602,Jame,Mastro,F,student,4465 James St,Hamilton,Ontario,L8S1P4,1983-10-3
99651147,Jillian,Hailstone,F,child,8721 Everett Rd,Hamilton,Ontario,L8S2Q1,1991-2-13
99638754,Louis,Zarling,F,child,6 E Kingsbridge Rd,Hamilton,Ontario,L8S5I4,1986-4-4
99631923,Emmett,Mcshaw,M,child,920 Union Blvd,Hamilton,Ontario,L8S6Q5,1975-8-8
99657582,Tammy,Sams,M,child,5 Secaucus Rd,Hamilton,Ontario,L8S1L3,1988-6-28
99657920,Willis,Wylie,M,child,646 9th St,Hamilton,Ontario,L8S5C2,1982-10-3
99634992,Maxima,Brzozowski,M,child,864 Aupuni St,Hamilton,Ontario,L8S1Y7,1989-1-30
99610549,Boris,Latif,F,child,9390 Fortin Dr,Hamilton,Ontario,L8S4R2,1988-8-18
99638810,Salina,Knavel,M,child,4 Newark St,Hamilton,Ontario,L8S2K9,1975-6-28
99648736,Justa,Dini,F,child,8 J St,Hamilton,Ontario,L8S3N8,1979-12-4
99647110,Amalia,Wolfgang,M,child,394 Dice Rd #861,Hamilton,Ontario,L8S3I4,1986-10-4
99620673,Felix,Tutterrow,M,child,92 W 39th St #9990,Hamilton,Ontario,L8S4R2,1985-8-6
99660194,Eura,Mcglocklin,F,child,9 N Monroe St,Hamilton,Ontario,L8S5J3,1980-6-16
99640177,Lang,Heuring,M,child,2 Global Rd,Hamilton,Ontario,L8S1X6,1974-8-28
99610495,Agustin,Lakatos,F,child,23 E Wacker Dr #64,Hamilton,Ontario,L8S2D7,1990-6-15
99620292,Jaime,Lowrance,F,child,1 Nw 167th St,Hamilton,Ontario,L8S1Z9,1979-2-9
99633701,Carman,Gudiel,F,child,1 Frontage Rd,Hamilton,Ontario,L8S5A8,1979-8-17
99664498,Argelia,Hofbauer,F,child,5 Columbia,Hamilton,Ontario,L8S9E4,1986-11-8
99660639,Mammie,Cisney,F,child,14 E 30th St,Hamilton,Ontario,L8S7Q3,1973-5-19
99652950,Rashad,Menino,F,child,8 Commercial Ave,Hamilton,Ontario,L8S2Y4,1990-8-1
99616330,Janna,Bastain,F,child,41 Drive  Hwy 54s S,Hamilton,Ontario,L8S2N2,1989-5-24
99633504,Callie,Neikirk,M,child,6601 Park Ave #9924,Hamilton,Ontario,L8S8F7,1992-8-23
99615517,Coral,Helmcamp,M,child,4184 E 142nd St,Hamilton,Ontario,L8S6Q2,1987-2-14
99640499,Xenia,Mushero,M,child,1 El Camino Ave #39,Hamilton,Ontario,L8S3A3,1986-2-25
99612222,Adelle,Nitcher,F,child,10 Midway Dr,Hamilton,Ontario,L8S2Q3,1993-12-4
99628575,Hildegarde,Wehrwein,M,child,2 Cottman Ave,Hamilton,Ontario,L8S2W2,1992-2-18
99654566,Phuong,Sugai,M,child,8926 E 119th St #9,Hamilton,Ontario,L8S2I6,1983-2-15
99663388,Leontine,Lafoy,F,child,191 Richland St #5,Hamilton,Ontario,L8S6O5,1989-9-1
99649870,Darell,Mcalarney,F,child,8 E 92nd St,Hamilton,Ontario,L8S3N7,1983-11-18
99637555,Madonna,Landman,F,child,283 Andover St,Hamilton,Ontario,L8S5T6,1987-6-25
99627284,Chuck,Berggren,M,child,764 Louisville Plac,Hamilton,Ontario,L8S4E8,1984-11-8
99611913,Gregg,Epperheimer,M,child,59 W Jackson Blvd #11,Hamilton,Ontario,L8S1J8,2015-5-1
99643684,Yan,Bubrig,M,child,712 N 5th St,Hamilton,Ontario,L8S2E3,1987-9-12
99631857,Stephanie,Garlett,F,child,6 L St #1761,Hamilton,Ontario,L8S6R9,1976-1-2
99660975,Alberto,Stenquist,M,child,6126 E 14th St #6,Hamilton,Ontario,L8S5U5,1978-3-28
99644141,Wayne,Shivers,F,child,865 Ponce De Leon Blvd,Hamilton,Ontario,L8S4S6,1973-5-6
99634722,Kristal,Bothe,F,child,896 Pershing Ave,Hamilton,Ontario,L8S6S5,1974-1-2
99651473,Florencia,Stadel,M,child,178 Riverdale Rd,Hamilton,Ontario,L8S3M7,1986-1-9
99649911,Darrin,Tumolillo,M,child,4 Pedretti Ave #2,Hamilton,Ontario,L8S8Y2,1988-7-10
99644629,Freeman,Rudig,M,child,4 W Sedgley Ave,Hamilton,Ontario,L8S6N7,1985-5-13
99620331,Lazaro,Mollison,M,child,31 E Middlefield Rd #8555,Hamilton,Ontario,L8S4Y9,1990-6-4
99642225,Ellsworth,Rieg,M,child,7662 Us Highway 46 #9003,Hamilton,Ontario,L8S2Z2,1989-9-15
99666225,Brinda,Mrkvicka,F,child,1 Park Ave,Hamilton,Ontario,L8S5Q2,1972-1-1
99615282,Florinda,Mackedanz,F,child,2782 Midland Ave,Hamilton,Ontario,L8S7L7,1971-5-3
99656833,Nadine,Swartzbeck,M,child,3 Federal Blvd,Hamilton,Ontario,L8S3S2,2015-8-23
99662075,Arlette,Torchio,M,child,485 Rolling Rd,Hamilton,Ontario,L8S1P6,1979-1-29
99664992,Adolph,Krivanec,F,child,6605 Federal St,Hamilton,Ontario,L8S3D4,1976-3-4
99632745,Georgiana,Colbath,M,child,505 E 9mile Rd,Hamilton,Ontario,L8S8D7,1987-5-16
99643276,Rana,Lehn,F,child,32 Rocklyn Ave,Hamilton,Ontario,L8S2O2,1987-6-19
99632858,Chi,Morgan,M,child,2953 5th Ave #27,Hamilton,Ontario,L8S8D9,1982-2-15
99644442,Starr,Prothro,F,child,133 Us Highway 206,Hamilton,Ontario,L8S6U9,1976-1-2
99627956,Glennis,Roseum,M,driver,1 Pershing Ave,Hamilton,Ontario,L8S1G5,1973-7-11
99665378,Thea,Petermeier,F,driver,402 Santa Isabel Ave,Hamilton,Ontario,L8S9R3,1983-2-7
99611222,Rosalind,Persechino,F,driver,86 Shady Run Rd,Hamilton,Ontario,L8S5P1,1978-2-14
99642131,Shenika,Tapian,M,driver,4 Collier Rd Nw,Hamilton,Ontario,L8S1N1,1979-12-1
99654603,Veta,Vandeberg,M,driver,940 E Jefferson Ave,Hamilton,Ontario,L8S8E4,1982-2-26
99664103,Herschel,Geneseo,F,driver,7753 W 8th,Hamilton,Ontario,L8S8R8,2016-1-8
99630173,Dianne,Tomasic,F,driver,53 6  17 M At Bradleys,Hamilton,Ontario,L8S4Q8,1989-5-4
99645320,Micah,Gerten,F,driver,103 Madison Ave,Hamilton,Ontario,L8S4V2,1990-5-5
99633690,Kaycee,Alaibilla,M,driver,8788 E 64th Ave,Hamilton,Ontario,L8S5O1,1986-3-23
99636745,Tesha,Brang,M,driver,831 Vanowen St #5,Hamilton,Ontario,L8S2O9,1989-3-10
99613410,Marya,Chhour,M,driver,661 Pitkin Ave,Hamilton,Ontario,L8S4L5,1974-8-22
99659833,Ronnie,Kettelle,F,driver,3 Avenue Rt 295 #199,Hamilton,Ontario,L8S5V4,1992-10-10
99630025,Mabel,Fower,M,driver,709 W Waters Ave,Hamilton,Ontario,L8S5P3,1993-11-30
99625249,Harley,Works,F,driver,27 Spring St,Hamilton,Ontario,L8S8C4,1989-1-17
99616605,Joye,Nedman,M,driver,9 Court St,Hamilton,Ontario,L8S5R1,1984-6-25
99611229,Luisa,Harnish,M,driver,82 Westminster Blvd,Hamilton,Ontario,L8S1T5,1982-8-22
99641125,Stacey,Lortz,F,driver,5039 Coffee Rd,Hamilton,Ontario,L8S9X4,1979-3-9
99664875,Reyes,Mesmer,M,driver,9 E Thayer Ave #3,Hamilton,Ontario,L8S9J4,1984-10-24
99660420,Avery,Demus,F,driver,1 Highland Ave,Hamilton,Ontario,L8S8Y5,1981-6-13
99630957,Colby,Scotts,F,Training Officer,7 E 1st St,Hamilton,Ontario,L8S7J2,1991-9-4
99661629,Afton,Wrinkle,M,Joiner,652 5th Ave,Hamilton,Ontario,L8S8B2,1984-4-30
99654934,India,Sifford,F,Training Officer,162 Sunrise Plz,Hamilton,Ontario,L8S3U8,1975-7-26
99619427,Brunilda,Coin,M,Tool Maker,300 Congers Rd #77,Hamilton,Ontario,L8S8S5,1988-10-9
99653933,Jenifer,Emanuel,F,Ceiling Fixer,78 152nd Ave #4179,Hamilton,Ontario,L8S6H6,1991-10-25
99660046,Makeda,Nosis,M,Labelling Operator,956 Sierra Ave,Hamilton,Ontario,L8S1E9,1983-9-8
99633111,Vivan,Oppy,F,Audit Manager,4696 Alewa Dr,Hamilton,Ontario,L8S2C5,1978-3-4
99622972,Eric,Gazzola,M,Military Leader,732 Congress St,Hamilton,Ontario,L8S2D2,1990-10-2
99637622,Thersa,Davirro,M,Timber Worker,863 E Mcdowell Rd,Hamilton,Ontario,L8S5Q1,1991-4-26
99648682,Mindy,Presnal,F,Minicab Driver,82 Us Highway 111,Hamilton,Ontario,L8S5J1,1973-12-25
99655430,Luis,Metzner,F,Nursery Nurse,8868 S Arroyo Pkwy #996,Hamilton,Ontario,L8S6D7,1978-2-28
99641590,Dawne,Mcloud,M,Architect,25 Keystone Xing,Hamilton,Ontario,L8S3Q4,1973-7-6
99613304,Karrie,Kinikini,M,Nursery Worker,491 Main St #893,Hamilton,Ontario,L8S2Z9,1973-4-1
99641278,Mozelle,Hermon,M,Oil Rig Crew,523 Spencerville Ct,Hamilton,Ontario,L8S4O2,1985-9-28
99657423,Mila,Hair,F,Weighbridge Clerk,515 S Main St,Hamilton,Ontario,L8S4F9,2015-3-12
99622196,Gilma,Jefferys,F,Ice Cream Vendor,147 E Centre St,Hamilton,Ontario,L8S8P4,1978-9-14
99612140,Armanda,Mcduffie,F,Stage Mover,989 Wyatt Dr #7,Hamilton,Ontario,L8S8I1,1974-4-23
99656823,Vonda,Normandeau,F,Recovery Vehicle Coordinator,9891 Main St,Hamilton,Ontario,L8S7R5,1985-7-2
99659747,Truman,Mondale,M,Rug Maker,1657 N Green St,Hamilton,Ontario,L8S7F1,1973-11-30
99656050,Elvis,Tenuta,F,Induction Moulder,6437 Date Palm Dr,Hamilton,Ontario,L8S4G8,1979-2-20
99649231,Loise,Dedaj,F,Labelling Operator,1062 Rd,Hamilton,Ontario,L8S8J4,1985-11-29
99649812,Jannette,Pedder,M,Builder,73 Madison Ave,Hamilton,Ontario,L8S7A4,1978-12-27
99628869,Margo,Rand,F,Auction Worker,344 Lyndon St,Hamilton,Ontario,L8S7F2,1984-10-26
99656656,Dahlia,Benett,F,Groom,3986 Home Life,Hamilton,Ontario,L8S3G4,1982-2-23
99650104,Dominga,Mckeon,F,Horse Trader,68 Dd N #1,Hamilton,Ontario,L8S5Y7,1980-11-27
99640196,Hollis,Keomuangtai,F,Medical Consultant,27 7th St,Hamilton,Ontario,L8S1T4,1974-3-6
99654980,Carry,Ziller,M,Advertising Executive,8 Maynesboro St,Hamilton,Ontario,L8S7X9,1972-3-9
99632165,Bong,Fears,M,Violin Maker,7 State St #1,Hamilton,Ontario,L8S9G6,1980-3-29
99631255,Yolande,Staiano,F,Revenue Officer,21 N 14th St,Hamilton,Ontario,L8S9P3,1976-5-5
99636160,Lottie,Hegdahl,M,Shipping Officer,45 W 21st St,Hamilton,Ontario,L8S6N1,1993-10-4
99666423,Jose,Kylish,F,Greengrocer,93 Law Dr,Hamilton,Ontario,L8S5J8,1976-6-8
99617379,Tuyet,Abramovitz,F,Receptionist,976 Cozycroft Ave,Hamilton,Ontario,L8S8F5,1980-5-17
99644366,Pearline,Provenzano,F,Chiropractor,611 S 2nd St,Hamilton,Ontario,L8S9Z5,1983-12-4
99637091,Robt,Hankison,M,Outreach Worker,3780 Ronson Rd,Hamilton,Ontario,L8S5R7,1986-8-14
99623532,Shawnee,Kesten,M,Airman,5 W Irving Park Rd,Hamilton,Ontario,L8S6H5,1984-9-24
99641640,Lacresha,Quinones,F,Footballer,48 Bernardo Cent,Hamilton,Ontario,L8S7E7,1977-8-4
99641454,Basilia,Vinroe,F,Caretaker,45 S Wells Ave,Hamilton,Ontario,L8S5T8,1985-8-26
99659546,Aleisha,Areizaga,M,Lineman,960 Deming Way,Hamilton,Ontario,L8S4G9,1993-9-17
99625154,Frank,Tryninewski,M,Planning Officer,462 2nd St,Hamilton,Ontario,L8S9R4,1975-9-3
99626800,Ria,Steinhorst,F,Gas Fitter,269 Commercial Dr,Hamilton,Ontario,L8S5I4,1976-1-31
99661347,Carla,Kallenberger,F,Almoner,8 Commercial Blvd #9,Hamilton,Ontario,L8S9J6,1982-5-4
99639024,Lashanda,Skahan,M,Planning Engineer,739 Stockton Ave,Hamilton,Ontario,L8S4C3,1980-11-16
99650967,Jarod,Catalina,M,Footballer,60 Sunrise Ave,Hamilton,Ontario,L8S2K2,1984-8-9
99614223,Leoma,Rabago,M,Hawker,575 Washington St,Hamilton,Ontario,L8S3H7,1979-5-28
99646349,Yasuko,Greeves,F,Payroll Assistant,4634 Anania Dr,Hamilton,Ontario,L8S2N5,1986-2-24
99659110,Jimmie,Snelling,F,Lecturer,24 Sw Bridgeport Rd,Hamilton,Ontario,L8S3D9,1990-8-4
99632503,Titus,Dugre,F,Sales Support,419 N Dixboro Rd #8,Hamilton,Ontario,L8S4X5,1990-12-27
99618223,Joanne,Teoh,M,Turner,1 W Sierra Madre Blvd #9985,Hamilton,Ontario,L8S4Q9,1983-1-9
99642787,Suzi,Groom,M,Beauty Therapist,9 W Jackson Blvd,Hamilton,Ontario,L8S8U8,1976-7-16
99660537,Denny,Amazan,M,Bakery Assistant,4974 Rockburn Hill Rd #3,Hamilton,Ontario,L8S3A5,1993-12-4
99658728,Willie,Coughlan,F,Building Manager,8545 S Westshore Blvd,Hamilton,Ontario,L8S9K6,1991-2-27
99623991,Margurite,Brake,F,Technical Co-ordinator,258 S Ash Ave,Hamilton,Ontario,L8S3J5,1976-4-25
99612554,Arlen,Romack,F,Nutritionist,1 W Green Bay St,Hamilton,Ontario,L8S9P9,1982-4-21
99628533,Shaniqua,Corna,F,Botanist,8 Sylvan Ave,Hamilton,Ontario,L8S2C1,2015-8-21
99665363,William,Boccard,M,Tunneller,9 Clove Rd,Hamilton,Ontario,L8S9N4,1972-9-30
99655299,Silva,Riviere,F,Telephone Engineer,10 Canal St,Hamilton,Ontario,L8S3E6,1983-1-17
99666537,Gearldine,Haberle,M,Metallurgist,62 N 3rd St,Hamilton,Ontario,L8S5G2,1982-1-10
99665422,Azalee,Aja,M,Sail Maker,2607 Market St,Hamilton,Ontario,L8S5Y9,1978-3-22
99627608,Kimbery,Plikerd,M,Gaming Board Inspector,62 15th Ave #63,Hamilton,Ontario,L8S6R4,1982-5-16
99639654,Ricarda,Kratt,M,Pools Collector,1 Clairemont Mesa Blvd,Hamilton,Ontario,L8S1K5,1991-8-27
99657209,Macy,Massay,F,Sports Coach,6 N Water St,Hamilton,Ontario,L8S2P5,1990-2-15
99618385,Carol,Normington,F,Magician,1 S Kresson St,Hamilton,Ontario,L8S6I3,1990-3-19
99661740,Blythe,Czaplinski,F,Payroll Supervisor,4 S 4th St,Hamilton,Ontario,L8S9V9,1990-7-4
99623298,Tanesha,Tesseneer,M,Hire Car Driver,326 Witherspoon St,Hamilton,Ontario,L8S7P7,1986-10-15
99662660,Yaeko,Orndoff,M,Metal Dealer,66 Hoffman St,Hamilton,Ontario,L8S3Y5,1987-2-13
99645337,Broderick,Lorenz,F,Joinery Consultant,185 Davis St,Hamilton,Ontario,L8S6U8,1974-12-3
99631800,Twila,Shadle,F,French Polisher,20 Simpson Ferry Rd,Hamilton,Ontario,L8S8G4,1990-1-26
99619732,Sarina,Pead,M,Letting Agent,7821 16th St Nw,Hamilton,Ontario,L8S4I2,1987-3-2
99616010,Candra,Peets,M,Midwife,9 Pulaski Park Dr #7,Hamilton,Ontario,L8S9I1,1986-8-24
99625937,Von,Aprigliano,F,Car Delivery Driver,63 Baronne St,Hamilton,Ontario,L8S9U5,1985-10-28
99612293,Natalya,Verso,M,Cartoonist,74 Chestnut St,Hamilton,Ontario,L8S2B6,1986-7-8
99616201,Stanton,Rigazio,M,Building Engineer,4 Smith St #5,Hamilton,Ontario,L8S9S3,2015-2-7
99659299,Dona,Larner,F,Road Sweeper,4298 E Drinker St,Hamilton,Ontario,L8S6B2,1981-8-2
99610850,Cortney,Choice,F,Product Manager,80 S 33rd Pl,Hamilton,Ontario,L8S1H6,1979-7-5
99664252,Ira,Betterton,F,Sales Engineer,935 S Padre Island Dr,Hamilton,Ontario,L8S7Q4,1989-5-14
99659860,Vanna,Pickle,F,Teachers Assistant,3 B Main #117,Hamilton,Ontario,L8S2V8,1988-7-25
99653411,Bo,Sabota,F,Medical Consultant,779 Moore St,Hamilton,Ontario,L8S1S7,1982-2-3
99658336,Nathalie,Corners,M,Dealer,14 Van Buren St,Hamilton,Ontario,L8S1F6,1974-7-18
99611150,Rodney,Lockamy,F,Gravel Merchant,7 N Us Highway 67 #96,Hamilton,Ontario,L8S7G5,1974-9-7
99650561,Elena,Hairr,F,Advertising Contractor,31 Mechanic St #9839,Hamilton,Ontario,L8S4V6,1971-8-14
99642205,Blossom,Kraatz,M,Homeopath,881 Route 38,Hamilton,Ontario,L8S5X5,1987-8-10
99649487,Loreen,Griepentrog,M,Hot Foil Printer,6 Monard Dr,Hamilton,Ontario,L8S6W6,1993-9-6
99651375,Tayna,Keirnan,F,Lampshade Maker,18 Cowesett Ave,Hamilton,Ontario,L8S8H7,1981-9-6
99637781,Nieves,Planty,M,Turf Accountant,684 Albion Rd,Hamilton,Ontario,L8S1X6,1985-2-17
99623418,Glenn,Robinault,M,Waiter,8700 S Jefferson Rd #676,Hamilton,Ontario,L8S8B9,1993-1-14
99637711,Julianna,Racer,M,Coroner,4407 Chestnut Ridge Dr,Hamilton,Ontario,L8S1U1,1981-3-1
99656841,Ashton,Nitchals,F,Advertising Clerk,13 Midway Pl,Hamilton,Ontario,L8S4F5,1982-11-1
99664776,Shaun,Scovil,M,Packer,253 Hamilton Ave #1684,Hamilton,Ontario,L8S4N8,1993-6-15
99637010,Long,Shintaku,M,Materials Manager,8 W 41st Ave,Hamilton,Ontario,L8S6Z6,1974-3-12
99664293,Vinnie,Meir,F,Turkey Farmer,559 Bridge Plz,Hamilton,Ontario,L8S3E6,1982-12-23
99639875,Lucia,Flipp,M,Marble Mason,196 Touhy Ave,Hamilton,Ontario,L8S9H7,1993-3-6
99632719,Corazon,Ivaska,F,Interior Decorator,6 W Lincoln Ave,Hamilton,Ontario,L8S9R8,1991-3-1
99638961,Jaime,Perugini,M,Interviewer,7071 E 7th St #56,Hamilton,Ontario,L8S9C6,1976-12-29
99643131,Miriam,Stakes,M,Funeral Furnisher,784 Packerland Dr,Hamilton,Ontario,L8S3B2,1978-12-26
99634557,Vallie,Nigl,F,Handyman,7823 N 36th Ave,Hamilton,Ontario,L8S2A3,1981-3-21
99651691,Sheldon,Isachsen,M,Town Planner,35 Milnor St,Hamilton,Ontario,L8S4H3,1985-6-18
99637591,Nickie,Balonek,F,Plant Fitter,7 Saint Nicholas Ave,Hamilton,Ontario,L8S1J3,1983-10-17
99643230,Fletcher,Caneles,F,Shepherd,87 Spencerville Ct #2,Hamilton,Ontario,L8S2F5,1990-12-21
99643654,Rutha,Eisert,M,Promoter,87 W 32nd St,Hamilton,Ontario,L8S5K8,1971-1-14
99657630,Brandon,Geigel,M,Geologist,70 W Main St,Hamilton,Ontario,L8S8U6,1983-4-24
99625094,Franchesca,Lamme,M,Theatrical Agent,3208 W Touhy Ave,Hamilton,Ontario,L8S1F9,1979-4-13
99620118,Lorriane,Naddeo,F,Reprographic Assistant,7 Airway Cir,Hamilton,Ontario,L8S5B7,1987-1-10
99647839,Asuncion,Berson,F,Furnace Man,54 Whitaker Way,Hamilton,Ontario,L8S1J6,1987-4-9
99640758,Georgiann,Hoerter,F,Bingo Caller,4945 Progress Dr,Hamilton,Ontario,L8S2M3,1973-6-20
99629871,Hershel,Bultron,F,Research Analyst,658 W 30th St,Hamilton,Ontario,L8S2B7,2015-12-8
99662270,Chu,Collopy,F,Masseuse,8 E 9mile Rd #697,Hamilton,Ontario,L8S4M6,1979-1-9
99646746,Bettina,Vosmus,M,Premises,7 Ryan Industrial Ct,Hamilton,Ontario,L8S5B9,1977-10-27
99666176,Lynsey,Sport,M,Sculptor,7 Mccrea St,Hamilton,Ontario,L8S8J9,1986-8-5
99651978,Phil,Kuechler,F,Investment Strategist,7 Mcwhorter Rd,Hamilton,Ontario,L8S4A2,1971-11-20
99618908,Cordelia,Nicks,M,Landlady,572 Simpson St,Hamilton,Ontario,L8S5J8,1978-3-11
99610899,Georgeanna,Marrano,M,Aircraft Surface Finisher,3493 Camino Ruiz,Hamilton,Ontario,L8S1Q5,1982-2-24
99625982,Rosendo,Lanter,M,Lighthouse Keeper,2052 E Semoran Blvd,Hamilton,Ontario,L8S8D8,1979-6-29
99613985,Jerilyn,Norcia,M,Armourer,9 Main St,Hamilton,Ontario,L8S6C3,1973-12-20
99624097,Elfriede,Bakeley,F,Payroll Supervisor,538 Fayetteville Street Mall,Hamilton,Ontario,L8S1N7,1981-6-24
99650289,Harris,Sheck,F,Plant Engineer,9875 Sheafe Rd,Hamilton,Ontario,L8S5M1,1983-6-19
99662693,Leonor,Beilinson,M,Chicken Chaser,269 Distribution Way,Hamilton,Ontario,L8S2E8,1975-1-25
99656864,Terrilyn,Waska,M,Premises Security,6 E Miraloma Ave,Hamilton,Ontario,L8S8U9,1973-1-1
99633695,Maddie,Foulds,F,Industrial Chemist,56 N Wood Ave #25,Hamilton,Ontario,L8S8D6,1973-1-1
99639160,Melynda,Anstead,M,Barmaid,3 Lee Dr #8435,Hamilton,Ontario,L8S3Z7,1992-5-5
99652471,Odette,Thigpen,F,Leaflet Distributor,1831 Everett Rd,Hamilton,Ontario,L8S6V1,1978-10-23
99654963,Steffanie,Meinen,F,Forwarding Agent,801 W Belmont Ave,Hamilton,Ontario,L8S4W1,1983-4-19
99612035,Antonette,Stimac,M,Granite Technician,61 N Westshore Blvd,Hamilton,Ontario,L8S4G8,1973-5-24
99629491,Thora,Daneker,M,Broadcaster,6 Old York Rd,Hamilton,Ontario,L8S1I8,1983-7-21
99619766,Nada,Massanet,M,Magistrates Clerk,80 Sw End Blvd,Hamilton,Ontario,L8S6C4,1972-1-7
99616178,Ivette,Dills,F,Project Co-ordinator,7585 Calle De Industrias,Hamilton,Ontario,L8S2P9,2015-6-7
99660723,Devon,Delacerda,M,Millwright,250 University Ave #9,Hamilton,Ontario,L8S1R8,1979-4-13
99666286,Lon,Tibbles,F,Editor,78 Eastway Dr,Hamilton,Ontario,L8S3Y2,1989-8-26
99620755,Tennie,Santanna,M,Lighting Technician,196 Waterman Ave #1,Hamilton,Ontario,L8S1B8,1974-4-13
99638623,Fidelia,Vilven,M,Pig Manager,9 Meridian St,Hamilton,Ontario,L8S9I9,1985-3-25
99619498,Michal,Gunyan,M,Accounts Assistant,9514 Mount Vernon Ave,Hamilton,Ontario,L8S6W3,1985-8-3
99663545,Enola,Yandow,F,Housewife,7 Sw 5th Ave,Hamilton,Ontario,L8S5Z2,1980-7-7
99645543,Meghann,Mamudoski,F,Shelter Warden,7675 N Solano Dr,Hamilton,Ontario,L8S1F2,2015-5-28
99617745,Latanya,Mattia,F,Ship Mechanic,8229 S Washington Ave,Hamilton,Ontario,L8S1N9,1979-6-18
99649839,Chandra,Firlik,M,Herbalist,686 S Dupont Hwy,Hamilton,Ontario,L8S5H6,1977-6-22
99642447,Barney,Dewer,M,Barber,88 Norris Ave #2,Hamilton,Ontario,L8S5B2,1979-6-16
99627501,Ocie,Chreene,F,Cargo Operator,72 W Hampden Ave,Hamilton,Ontario,L8S9Y8,1972-1-18
99621312,Precious,Dubray,F,Lathe Operator,846 Middletown Blvd #427,Hamilton,Ontario,L8S1H2,1977-6-6
99651439,Sanda,Laramie,M,Chicken Chaser,5181 N Alma School Rd,Hamilton,Ontario,L8S7S7,1981-3-12
99636580,Gaynell,Benavente,F,Aircraft Designer,71 W Indian School Rd,Hamilton,Ontario,L8S3M5,1981-10-23
99662533,Bethanie,Cutsforth,M,Groom,5 Victory Ave,Hamilton,Ontario,L8S7B3,1992-4-15
99637125,Yvette,Capiga,M,Catering Manager,33 Broadway St #8539,Hamilton,Ontario,L8S9G9,1972-6-25
99651059,Alana,Blackmon,M,Publisher,96 Hook Rd,Hamilton,Ontario,L8S8D6,1971-11-4
99666417,Lakeesha,Beachel,F,Cargo Operator,1 Sw 72nd Ave,Hamilton,Ontario,L8S1C5,1976-2-27
99652483,Ailene,Friedman,F,Tacker,479 Commerce Park,Hamilton,Ontario,L8S1L9,1974-12-26
99629360,Valene,Madson,F,Chef,42 Main St,Hamilton,Ontario,L8S1Q8,1982-1-17
99620451,Floyd,Bub,M,Physiotherapist,4701 N Cocoa Blvd,Hamilton,Ontario,L8S1T1,2015-9-28
99620359,Josue,Hatherly,F,Consultant,755 135th St,Hamilton,Ontario,L8S2Q6,1989-4-24
99648809,Johnathon,Wadden,F,Toy Trader,4714 S Main St,Hamilton,Ontario,L8S6K5,1988-3-14
99614586,Kenneth,Drizin,M,Interior Designer,2 Scott Blvd,Hamilton,Ontario,L8S6G3,1972-10-13
99617099,Leila,Titzer,F,Taxi Controller,9 Constitution Ave,Hamilton,Ontario,L8S6C3,1992-12-29
99619917,Marquetta,Quinlisk,M,Claims Assessor,2965 Lake Lizzie Dr,Hamilton,Ontario,L8S3X4,1992-8-1
99665762,Annamae,Beliles,M,Packer,8939 Merrill Field Dr,Hamilton,Ontario,L8S1D1,1993-6-3
99637421,An,Dosal,M,Graphologist,8 Leoole St #3,Hamilton,Ontario,L8S7E4,1985-2-3
99620185,Karina,Cortesi,F,Breeder,901 Broughton Ave #7,Hamilton,Ontario,L8S2Z4,1983-4-26
99614453,Otis,Luong,F,Plant Operator,263 L St #1255,Hamilton,Ontario,L8S5M3,1992-4-30
99614647,Brendan,Kasperek,F,Baggage Handler,84 L St #98,Hamilton,Ontario,L8S9V6,1981-8-11
99644077,Keith,Evartt,F,Transport Planner,973 El Camino Real,Hamilton,Ontario,L8S9N1,1975-1-8
99664862,Paulina,Arand,F,Foam Convertor,5652 Wisconsin Ave,Hamilton,Ontario,L8S3Y3,2015-2-3
99611845,Cherelle,Welschmeyer,F,Systems Manager,2 Ramona Ave #6,Hamilton,Ontario,L8S9Q4,1976-5-31
99631267,Percy,Neelon,M,Tax Advisor,901 Highway 74,Hamilton,Ontario,L8S5R7,1972-10-15
99641032,Margot,Storrs,M,Property Dealer,237 S French Ave,Hamilton,Ontario,L8S3A3,1984-2-4
99653703,Paris,Bellis,F,Log Merchant,89 Parade St,Hamilton,Ontario,L8S6P6,1977-12-19
99621541,Sina,Masiejczyk,F,Orchestral,3067 W Wabansia Ave,Hamilton,Ontario,L8S9B4,1975-4-5
99650502,Kimi,Selfe,F,Shop Keeper,2 W Kellogg Dr #5,Hamilton,Ontario,L8S2P2,1983-12-25
99646153,Chun,Richrdson,M,Tyre Fitter,3 Aiea Heights #660,Hamilton,Ontario,L8S2A5,1972-2-27
99636956,Lelia,Thiemann,F,Supply Teacher,440 Town Centre Dr,Hamilton,Ontario,L8S9Y2,1986-2-28
99623477,Cordell,Zinda,M,Machine Fitters,91 Argyle Rd,Hamilton,Ontario,L8S2H2,1989-10-9
99664061,Dorothy,Aitken,M,Supply Teacher,4 Hanover Pike,Hamilton,Ontario,L8S1I3,1973-4-8
99643871,Chauncey,Mcelreath,F,Minibus Driver,615 Main St #3722,Hamilton,Ontario,L8S4W5,1992-12-29
99647664,Tenesha,Stropko,F,Hospital Consultant,648 Waihona St #1152,Hamilton,Ontario,L8S6V1,1991-3-2
99658801,Anjelica,Lovero,F,Operations,689 S Steele St #1887,Hamilton,Ontario,L8S5V8,1972-7-8
99615473,Olga,Adessa,F,Immigration Officer,8507 Upland St,Hamilton,Ontario,L8S7X7,1971-5-1
99632729,Monte,Tindal,F,Machine Operator,577 Page Ave,Hamilton,Ontario,L8S5U2,1985-4-11
99634378,Pamela,Mccoskey,F,Bricklayer,6 West St #2,Hamilton,Ontario,L8S8K3,1988-9-30
99629001,Toshia,Lippoldt,M,Chiropodist,7 Duluth St,Hamilton,Ontario,L8S4U3,1991-8-4
99618848,Polly,Sandusky,M,Television Presenter,39 Logan Ave #9518,Hamilton,Ontario,L8S5S8,1973-2-11
99651996,Judy,Boerboom,F,Professional Racing,384 N Main St,Hamilton,Ontario,L8S2N2,1991-7-11
99624639,Celestine,Pritt,F,Production Planner,79 E 92nd St,Hamilton,Ontario,L8S8B4,1981-6-23
99621845,Murray,Fode,M,Instrument Engineer,59 W Century Rd,Hamilton,Ontario,L8S2U6,1986-8-20
99647589,Shoshana,Courter,F,Knitter,8763 N Front St,Hamilton,Ontario,L8S2P5,1992-6-1
99629313,Glendora,Pezley,M,Shunter,2 80e E #7867,Hamilton,Ontario,L8S2R2,1983-10-3
99657633,Carlene,Kana,M,Chicken Chaser,541 N 88th Ave,Hamilton,Ontario,L8S4D5,1991-2-13
99664108,Adria,Gilliam,M,Airport Manager,60 15th Ave,Hamilton,Ontario,L8S1S8,1986-4-4
99615237,Paola,Perkins,F,Nurse,3951 Seaway Dr,Hamilton,Ontario,L8S6A8,1975-8-8
99643552,Elina,Maury,F,Skipper,2097 N Stonestreet Ave,Hamilton,Ontario,L8S6H3,1988-6-28
99624845,Emile,Dorio,F,Occupation,264 Jefferson Hwy #83,Hamilton,Ontario,L8S3G6,1982-10-3
99648570,Zoila,Lannigan,M,Sales Executive,40 N Dean St,Hamilton,Ontario,L8S8I7,1989-1-30
99641181,Yong,Yestramski,M,Hotelier,365 Zebra Pl,Hamilton,Ontario,L8S3F1,1988-8-18
99620441,Leontine,Stalma,F,Applications Programmer,859 Franquette Ave,Hamilton,Ontario,L8S8Y6,1975-6-28
99627570,Troy,Dicus,F,Fuel Merchant,58 Calle Arroyo,Hamilton,Ontario,L8S2K1,1979-12-4
99623419,Annamaria,Vanhuss,M,Prison Chaplain,8348 1st Ave W,Hamilton,Ontario,L8S4X9,1986-10-4
99624334,Dorothea,Lowther,M,Hotel Worker,2763 Fort Campbell Blvd #7554,Hamilton,Ontario,L8S5Q7,1985-8-6
99631538,Marion,Letran,M,Aircraft Maintenance Engineer,5670 Leonis Blvd,Hamilton,Ontario,L8S6N7,1980-6-16
99656590,Avery,Masso,F,Wood Cutter,6 Central Ave #664,Hamilton,Ontario,L8S9E1,1974-8-28
99666188,Trinidad,Bredernitz,M,Orthopaedic,75 N Washington Ave,Hamilton,Ontario,L8S1D5,1990-6-15
99655048,Herminia,Penso,F,Employment,880 W South Water Market,Hamilton,Ontario,L8S2V6,1979-2-9
99615537,Val,Bigaud,F,Thermal Engineer,42 N 16th St #620,Hamilton,Ontario,L8S6S6,1979-8-17
99618797,Renay,Oviedo,M,Councillor,873 E Cumberland St,Hamilton,Ontario,L8S6Y4,1986-11-8
99647155,Buck,Kotow,F,Florist,863 Mcgilchrist St Se,Hamilton,Ontario,L8S2V2,1973-5-19
99629669,Toi,Rollison,F,Licensed Premises,2 S Church St,Hamilton,Ontario,L8S5N8,1990-8-1
99614275,Shanice,Pennel,F,Tax Analyst,31 N Canal St,Hamilton,Ontario,L8S2A7,1989-5-24
99639488,Oliva,Ramerez,F,Merchant Seaman,8688 Manning Blvd #547,Hamilton,Ontario,L8S3V2,1992-8-23
99656170,Tamera,Crocker,F,Operative,652 Pacific Hwy,Hamilton,Ontario,L8S4J6,1987-2-14
99611060,Melvin,Rather,M,Textile Consultant,8794 34th Ave,Hamilton,Ontario,L8S8B1,1986-2-25
99628237,Essie,Fitzke,M,Florist,9 3rd St,Hamilton,Ontario,L8S1W8,1993-12-4
99656441,Shay,Knieper,M,Slater,571 Maiden Ln #7,Hamilton,Ontario,L8S7K7,1992-2-18
99640787,Ruby,Sensibaugh,M,Treasurer,637 Wright Rd,Hamilton,Ontario,L8S4B7,1983-2-15
99650205,Caren,Doscher,M,Marketing Manager,1770 Mission Ave,Hamilton,Ontario,L8S6N2,1989-9-1
99642280,Frank,Amend,F,Golfer,2583 Lincoln Blvd,Hamilton,Ontario,L8S7Q1,1983-11-18
99621969,Lasandra,Frisinger,F,Marble Finisher,1 Highway 71 S,Hamilton,Ontario,L8S7A3,1987-6-25
99632402,Sommer,Frere,M,Operative,1309 Pitney Rd,Hamilton,Ontario,L8S3B7,1984-11-8
99659862,Gretchen,Mckeon,M,Polisher,809 W Bayshore Rd,Hamilton,Ontario,L8S6L5,2015-5-1
99630004,Providencia,Marien,M,Analytical Chemist,83 Magnavox Way,Hamilton,Ontario,L8S7S1,1987-9-12
99647431,Lindsey,Arnoldi,F,Sales Executive,87 Via Contenta,Hamilton,Ontario,L8S8Q1,1976-1-2
99655278,Romana,Riesgraf,M,Laboratory Analyst,986 Whitaker Way,Hamilton,Ontario,L8S2Z7,1978-3-28
99639491,Nobuko,Logwood,F,Tyre Inspector,612 York St,Hamilton,Ontario,L8S2J3,1973-5-6
99619650,Shawnna,Arredondo,F,Litigation Manager,4 N Brand Blvd,Hamilton,Ontario,L8S7Q4,1974-1-2
99629178,Doyle,Hathcox,M,Road Sweeper,48 Market St,Hamilton,Ontario,L8S6M6,1986-1-9
99664554,Jacinta,Deppen,M,Airport Controller,1458 W Henry St,Hamilton,Ontario,L8S3T1,1988-7-10
99612305,Tawanna,Kuamoo,F,Investment Banker,380 Main St,Hamilton,Ontario,L8S4M9,1985-5-13
99639951,Christa,Cloutier,F,Pattern Cutter,743 Wolfert Ave,Hamilton,Ontario,L8S1S4,1990-6-4
99659965,Noe,Kotz,F,Lift Attendant,3878 Little John Way,Hamilton,Ontario,L8S8Q6,1989-9-15
99659163,Ellen,Fajen,M,Pastry Chef,32 Marguerite Pky,Hamilton,Ontario,L8S1R6,1972-1-1
99647546,Tequila,Pelletier,M,Goods Handler,6173 Landmeier Rd,Hamilton,Ontario,L8S8I7,1971-5-3
99657361,Tawny,Bonventre,M,Publisher,5 Middletown Blvd,Hamilton,Ontario,L8S8G8,2015-8-23
99652872,Rosalyn,Mcspedon,F,Gambler,449 Oakwood Ave,Hamilton,Ontario,L8S6B5,1979-1-29
99639233,Noble,Miyata,F,Operator,7059 E Kilbourn Ave #252,Hamilton,Ontario,L8S3Q2,1976-3-4
99655482,Lucille,Hubbell,F,Bar Manager,8 General Dr,Hamilton,Ontario,L8S6J5,1987-5-16
99658874,Azzie,Tuazon,M,Riveter,5518 Whippany Rd,Hamilton,Ontario,L8S3A7,1987-6-19
99610504,Darci,Arau,F,Cellarman,2 Hill Rd,Hamilton,Ontario,L8S9W1,1982-2-15
99662039,King,Suman,M,Lecturer,79 Lexington Ave #83,Hamilton,Ontario,L8S8H4,1976-1-2
99656154,Denny,Zeanah,M,Procurator Fiscal,339 W 1st St,Hamilton,Ontario,L8S2B4,1973-7-11
99617877,Anissa,Frayer,M,Claims Assessor,7635 Run Subdivision,Hamilton,Ontario,L8S2P5,1983-2-7
99652492,Rosann,Heinricher,M,Textile Consultant,91 Nw 52nd Ave,Hamilton,Ontario,L8S8P9,1978-2-14
99638299,Jeannine,Rippy,F,Accounts Assistant,7767 W Central Ave #2,Hamilton,Ontario,L8S2Q8,1979-12-1
99656778,Lashaun,Casteneda,F,Church Officer,894 Feather River Blvd,Hamilton,Ontario,L8S9U5,1982-2-26
99664905,Miesha,Walen,F,Racehorse Groom,2 Executive Blvd,Hamilton,Ontario,L8S2V4,2016-1-8
99641160,Marva,Kountz,M,School Inspector,1 N Main St #16,Hamilton,Ontario,L8S2F3,1989-5-4
99624716,Dion,Lamastus,F,Produce Supervisor,44 S Highland Dr,Hamilton,Ontario,L8S9D5,1990-5-5
99626170,Hassie,Sarkin,F,Assistant Caretaker,958 Airline Dr,Hamilton,Ontario,L8S1G2,1986-3-23
99657362,Jin,Perry,F,Bursar,18 Cameron St,Hamilton,Ontario,L8S7A4,1989-3-10
99628760,Demetra,Peth,M,Sales Assistant,79 E Jackson St,Hamilton,Ontario,L8S8H5,1974-8-22
99654086,Irene,Benauides,F,Zoo Keeper,45 19th St,Hamilton,Ontario,L8S3O6,1992-10-10
99659704,Colton,Pesqueira,F,Stock Controller,305 Industrial Blvd,Hamilton,Ontario,L8S2J9,1993-11-30
99633806,William,Cilento,F,Typist,1434 Ash St,Hamilton,Ontario,L8S6G6,1989-1-17
99657580,Shannan,Cupit,F,Investment Banker,6 S San Marcos Rd,Hamilton,Ontario,L8S7G3,1984-6-25
99627287,Shelba,Kast,F,Youth Hostel Warden,56 Washington Rd,Hamilton,Ontario,L8S7Y3,1982-8-22
99664504,Dorcas,Diebold,M,Sound Engineer,8899 E Slauson Ave,Hamilton,Ontario,L8S2B2,1979-3-9
99634679,Rochell,Wetherby,F,Jewellery,142 E 57th Ave #2,Hamilton,Ontario,L8S8A2,1984-10-24
99656464,Amber,Windell,F,Scaffolder,41 Augusta Hwy,Hamilton,Ontario,L8S1H7,1981-6-13
99618866,Stefanie,Prinkey,F,Transport Engineer,985 Joyce St,Hamilton,Ontario,L8S5X4,1991-9-4
99654264,Kenia,Sharples,M,Graphic Designer,611 Grand Ave,Hamilton,Ontario,L8S7M2,1984-4-30
99659784,Jacquline,Libbey,F,Tool Maker,647 S Rainbow Blvd Bldg #4577,Hamilton,Ontario,L8S4A4,1975-7-26
99621047,Lavina,Michelet,M,Project Co-ordinator,2719 N Delaware St,Hamilton,Ontario,L8S3Z8,1988-10-9
99654491,Billi,Kazar,M,Machine Setter,71 Linden Ave,Hamilton,Ontario,L8S4H1,1991-10-25
99643369,Aron,Leuthold,M,Professional Wrestler,9 Park St,Hamilton,Ontario,L8S4A8,1983-9-8
99653364,Annice,Tartar,M,Forwarding Agent,430 State Route 10 #7548,Hamilton,Ontario,L8S9C2,1978-3-4
99642157,Hyun,Zarazua,F,Casual Worker,8718 N 13th Ave,Hamilton,Ontario,L8S7Y8,1990-10-2
99641166,Shala,Ogle,F,Hostess,4956 Midway Rd #65,Hamilton,Ontario,L8S7G2,1991-4-26
99612267,Shasta,Canonico,F,School Crossing,71 West Ave,Hamilton,Ontario,L8S1P1,1973-12-25
99623756,Wenona,Braseth,M,Advertising Manager,7 Ramon Rd,Hamilton,Ontario,L8S9W1,1978-2-28
99618800,Marla,Gallati,F,Mill Worker,922 Railroad Ave #7063,Hamilton,Ontario,L8S2D1,1973-7-6
99651536,Myra,Palenik,M,Philatelist,5661 Harding St,Hamilton,Ontario,L8S5L1,1973-4-1
99650801,Lawanda,Jacocks,F,Purchasing Assistant,92 A Glenneyre Ave,Hamilton,Ontario,L8S4A9,1985-9-28
99620425,Curt,Kohlman,F,Stage Director,5 Westbranch Dr #36,Hamilton,Ontario,L8S3X6,2015-3-12
99653221,Susy,Finstad,F,Foster Parent,6 N Town East Blvd,Hamilton,Ontario,L8S5O7,1978-9-14
99654361,Kathrine,Kaper,M,Masseur,100 Rombouts Ave,Hamilton,Ontario,L8S6Z9,1974-4-23
99645166,Oneida,Pospishil,M,Tachograph Analyst,5 E King St #6,Hamilton,Ontario,L8S7T8,1985-7-2
99634739,Allene,Perera,M,Gate Keeper,7167 Bethlehem Pike #80,Hamilton,Ontario,L8S6M4,1973-11-30
99646469,Leonardo,Leahman,F,Shop Fitter,80 Wisconsin Ave,Hamilton,Ontario,L8S7E6,1979-2-20
99648402,Nakisha,Russi,F,IT Trainer,8265 W Camelback Rd,Hamilton,Ontario,L8S6I1,1985-11-29
99629373,Stephanie,Rolling,F,Lighting Technician,45 S Cedar Ridge Dr,Hamilton,Ontario,L8S1B6,1978-12-27
99651249,Florinda,Haycock,F,Assistant Cook,6096 N Michigan Ave,Hamilton,Ontario,L8S7Y8,1984-10-26
99665988,Merri,Geberth,M,Textile Technician,4 Beaverbrook Rd,Hamilton,Ontario,L8S2Q7,1982-2-23
99643350,Malcom,Vereen,M,Investment Manager,548 Midland Ave,Hamilton,Ontario,L8S1E4,1980-11-27
99622055,Louvenia,Abney,F,Ceiling Contractor,6 Friendship Dr #5055,Hamilton,Ontario,L8S5Y5,1974-3-6
99620318,Alita,Borlace,M,Script Writer,5 S Gage St #6175,Hamilton,Ontario,L8S3I7,1972-3-9
99624057,Noemi,Ill,F,Presser,18 Nw 6th St,Hamilton,Ontario,L8S1Q3,1980-3-29
99640670,Nydia,Ancar,M,Museum Attendant,5 Pittsford Victor Rd,Hamilton,Ontario,L8S9S6,1976-5-5
99623422,Hana,Meisel,M,Tanner,6 E Rand Rd #73,Hamilton,Ontario,L8S3W7,1993-10-4
99624402,Noel,Marrazzo,F,Town Clerk,91 E Cary St,Hamilton,Ontario,L8S8J7,1976-6-8
99666119,Brice,Rowe,M,Area Manager,5 New Circle Rd Ne,Hamilton,Ontario,L8S8F9,1980-5-17
99648249,Nguyet,Kitchens,M,Security Guard,68 Nw Raleigh St #88,Hamilton,Ontario,L8S6O2,1983-12-4
99656171,Janae,Mair,F,Travel Agent,8 S Mcmullen Dr #38,Hamilton,Ontario,L8S3R5,1986-8-14
99643609,Darrel,Makley,M,Seaman,6 N Volusia Ave #2,Hamilton,Ontario,L8S6B6,1984-9-24
99618964,Genevieve,Milionis,F,Psychologist,5 Cedar St,Hamilton,Ontario,L8S4L4,1977-8-4
99655646,Giovanna,Bacho,F,Advertising Manager,71 S Newtown St,Hamilton,Ontario,L8S2T1,1985-8-26
99620882,Shelton,Spannuth,F,Night Watchman,4 Bloomfield Ave #5,Hamilton,Ontario,L8S7P6,1993-9-17
99663980,Alison,Mahlum,F,Midwife,841 N Monroe St,Hamilton,Ontario,L8S4F8,1975-9-3
99616594,Maynard,Zufall,M,Leaflet Distributor,5094 Poway Rd,Hamilton,Ontario,L8S7D2,1976-1-31
99618774,Timothy,Shipsert,F,Tool Maker,43 Winnetka Ave,Hamilton,Ontario,L8S1K1,1982-5-4
99661988,Viola,Eddens,F,Radio Producer,51 S Hulen St,Hamilton,Ontario,L8S7C7,1980-11-16
99631544,Luann,Michon,F,Aircraft Surface Finisher,5 Goddard Rd,Hamilton,Ontario,L8S5L9,1984-8-9
99659691,Mable,Goerke,M,Verger,7 Woodbridge Ave,Hamilton,Ontario,L8S3V4,1979-5-28
99644839,Sabine,Kaea,F,Warehouse Manager,48 Lower Ragsdale Dr #1349,Hamilton,Ontario,L8S4Z9,1986-2-24
99650187,Dolores,Moltz,F,Kitchen Worker,80 S Beckley St,Hamilton,Ontario,L8S1T1,1990-8-4
99654381,Hannah,Suero,M,Brewer,3314 Hawthorne St,Hamilton,Ontario,L8S4C6,1990-12-27
99610141,Sonia,Blan,F,Cabinet Maker,924 W Saint Mary Blvd,Hamilton,Ontario,L8S1O8,1983-1-9
99660060,Cletus,Stapels,M,Handyman,9713 Wilbur Ave #163,Hamilton,Ontario,L8S7L5,1976-7-16
99661299,Asha,Zoldak,F,Opera Singer,4 Gray Ave,Hamilton,Ontario,L8S5B3,1993-12-4
99645000,Verlene,Billow,M,Map Mounter,8528 A Park Rd,Hamilton,Ontario,L8S6E4,1991-2-27
99637635,Yesenia,Giglio,M,Nanny,1262 W 19th St,Hamilton,Ontario,L8S1X4,1976-4-25
99625615,Tayna,Sine,F,History Teacher,99 Garfield Ave #370,Hamilton,Ontario,L8S2W9,1982-4-21
99640613,Verona,Jobst,M,Training Consultant,9041 Grand Plaza Plac,Hamilton,Ontario,L8S1J9,2015-8-21
99665091,Denae,Eggers,F,Rug Maker,475 S Figueroa St,Hamilton,Ontario,L8S6C4,1972-9-30
99631063,Rikki,Montalgo,M,Executive,7 Lagrange St #10,Hamilton,Ontario,L8S3R6,1983-1-17
99621332,Nan,Weekly,F,Scaffolder,16 Ridge Centre,Hamilton,Ontario,L8S2L5,1982-1-10
99658703,Sherell,Despain,M,Shepherd,66 62nd St #30,Hamilton,Ontario,L8S5G2,1978-3-22
99632678,Coral,Brennick,F,Warden,15 Ludlow Ave #156,Hamilton,Ontario,L8S7N7,1982-5-16
99649503,Phyliss,Huelse,M,Newsagent,672 Neil Armstrong St #59,Hamilton,Ontario,L8S7W6,1991-8-27
99635163,Jesse,Wida,F,Lighting Technician,1 E Gabilan St,Hamilton,Ontario,L8S2Y2,1990-2-15
99636025,Latonia,Helander,F,Quality Manager,6325 Statesville Rd,Hamilton,Ontario,L8S9I3,1990-3-19
99654333,Aimee,Clozza,F,Advertising Executive,7 N Wacker Dr #42,Hamilton,Ontario,L8S6W6,1990-7-4
99613873,Marcelle,Staie,M,Office Worker,76 N Harlem Ave,Hamilton,Ontario,L8S2P9,1986-10-15
99658811,Ilda,Schuring,F,Museum Attendant,80 Ringwood Ave #7,Hamilton,Ontario,L8S5U9,1987-2-13
99634002,Aileen,Klukken,M,Archivist,8 Wilfong Ln,Hamilton,Ontario,L8S9C6,1974-12-3
99641031,Davida,Zeng,F,Vicar,8881 Hopkins St,Hamilton,Ontario,L8S8I5,1990-1-26
99621221,Beata,Rubarts,M,Shipwright,19 Torresdale Ave #58,Hamilton,Ontario,L8S3B8,1987-3-2
99641334,Angelyn,Wieand,F,Motor Fitter,79 Craig Rd,Hamilton,Ontario,L8S3S2,1986-8-24
99658409,Claudio,Hummell,M,Royal Marine,432 Eastman Ave,Hamilton,Ontario,L8S3B6,1985-10-28
99621255,Krystal,Twyman,M,Shop Manager,9 Garcia Ave #38,Hamilton,Ontario,L8S8K3,1986-7-8
99661398,Adela,Echegoyen,F,Tutor,128 W Kellogg Dr,Hamilton,Ontario,L8S9Q3,2015-2-7
99622397,Ryan,Phibbs,M,Marble Mason,7827 Commercial St Se #37,Hamilton,Ontario,L8S8S6,1981-8-2
99614409,Edmond,Buettner,M,Scientist,67 N Washington Ave #960,Hamilton,Ontario,L8S7W8,1979-7-5
99621858,Catina,Emmert,F,Blind Fitter,19 Distribution Way,Hamilton,Ontario,L8S9T3,1989-5-14
99620931,Milly,Pattengale,M,Sand Blaster,20 Fort Campbell Blvd #4792,Hamilton,Ontario,L8S4U7,1988-7-25
99628800,Jules,Erichsen,M,Projectionist,1 Parkfair Dr #1219,Hamilton,Ontario,L8S2E3,1982-2-3
99652373,Denna,Miklitz,M,Vehicle Technician,1736 Us Highway 19n N #6,Hamilton,Ontario,L8S3Y4,1974-7-18
99644015,Willetta,Cesa,F,Accounts Assistant,578 E Us Highway 36 #3,Hamilton,Ontario,L8S3U1,1974-9-7
99641814,Johna,Magathan,M,Purchasing Assistant,1724 W Dodge Rd,Hamilton,Ontario,L8S7X5,1971-8-14
99664641,Ollie,Oliverson,M,Merchant Seaman,1 W 8th,Hamilton,Ontario,L8S8X4,1987-8-10
99636946,Sherly,Vitrano,M,Envoy,8 Cochise Trl,Hamilton,Ontario,L8S1E4,1993-9-6
99638251,Kindra,Dishong,F,Neurologist,4 Sutton Ln,Hamilton,Ontario,L8S3B4,1981-9-6
99641187,Vanda,Tentler,M,Car Park Attendant,7 Shetland Ct,Hamilton,Ontario,L8S4G8,1985-2-17
99620124,Marshall,Fitgerald,F,Operator,526 Main St,Hamilton,Ontario,L8S7O5,1993-1-14
99631138,Kelvin,Hasha,M,Weighbridge Clerk,18 Duluth St,Hamilton,Ontario,L8S3L6,1981-3-1
99618246,Darrin,Mathiasen,F,Zoo Manager,35 Peconic Ave #4,Hamilton,Ontario,L8S4K9,1982-11-1
99636601,Susana,Mccarley,M,Repairer,7 S Quebec,Hamilton,Ontario,L8S3N2,1993-6-15
99613091,Wilson,Nickelson,F,Property Developer,74 Se 3rd Ave #1494,Hamilton,Ontario,L8S7O2,1974-3-12
99645846,Malissa,Talty,F,Horticulturalist,3 Shiph St,Hamilton,Ontario,L8S6R8,1982-12-23
99658277,Tandra,Castillanos,M,Chicken Chaser,629 105th Ave,Hamilton,Ontario,L8S2U9,1993-3-6
99622658,Lorean,Sammon,F,Hairdresser,58 Executive Dr,Hamilton,Ontario,L8S6A6,1991-3-1
99619113,Desirae,Oien,F,Investment Manager,200 W Bijou St #6013,Hamilton,Ontario,L8S9S4,1976-12-29
99662586,Delsie,Cerao,M,Chartered,2 Us Highway 206,Hamilton,Ontario,L8S2S8,1978-12-26
99616719,Mabel,Elmquist,F,Marine Surveyor,8570 E 8th St,Hamilton,Ontario,L8S7Y1,1981-3-21
99624846,Marnie,Purslow,F,Rector,3068 N Interstate 35,Hamilton,Ontario,L8S3A4,1985-6-18
99645381,Rene,Granier,M,Lighterman,4241 Tapp St,Hamilton,Ontario,L8S8F1,1983-10-17
99615376,Trevor,Harnist,M,Spring Maker,99 Hart St,Hamilton,Ontario,L8S6F3,1990-12-21
99660732,Sharmaine,Batdorf,M,Radio Operator,1822 Guilford Rd,Hamilton,Ontario,L8S3J5,1971-1-14
99648726,Ricki,Traux,F,Plate Layer,995 Concord Rd,Hamilton,Ontario,L8S5A9,1983-4-24
99610308,Bernadine,Shufelt,F,Genealogist,3 Main St,Hamilton,Ontario,L8S9U1,1979-4-13
99645924,Shad,Reider,F,Produce Supervisor,7995 Douglas Rd E #6,Hamilton,Ontario,L8S7E8,1987-1-10
99616799,Kenneth,Degennaro,F,Music Teacher,965 Bryant St,Hamilton,Ontario,L8S5F6,1987-4-9
99632408,Marleen,Hennon,F,Preacher,2863 Brooklyn Terminal Mkt,Hamilton,Ontario,L8S7R7,1973-6-20
99623141,Joaquin,Geitner,M,Stone Cutter,6410 E State Hwy,Hamilton,Ontario,L8S7E9,2015-12-8
99642422,Slyvia,Stockham,F,Painter,4895 Country Club Rd,Hamilton,Ontario,L8S6F9,1979-1-9
99626877,Kris,Bala,F,Tyre Fitter,43 Gateway Blvd,Hamilton,Ontario,L8S8H1,1977-10-27
99633967,Gussie,Diflorio,M,Technical Engineer,881 South St #4,Hamilton,Ontario,L8S2T4,1986-8-5
99611074,Lavelle,Lillywhite,F,Architect,5 S Taylor Ave,Hamilton,Ontario,L8S7N6,1971-11-20
99619939,Bev,Dermo,F,Trichologist,6059 Alewa Dr,Hamilton,Ontario,L8S8N1,1978-3-11
99624636,Bette,Digiovanni,M,maintenance,345 Broadway St,Hamilton,Ontario,L8S6E1,1982-2-24
99646555,Lajuana,Mccloud,F,maintenance,7 W Pine St,Hamilton,Ontario,L8S2U3,1979-6-29
99616277,Shakira,Westervelt,F,maintenance,5470 N Lamar Blvd #542,Hamilton,Ontario,L8S2W7,1973-12-20
99633214,Matt,Nickolich,F,maintenance,103 E Main St #59,Hamilton,Ontario,L8S3T6,1981-6-24
99656185,Clemencia,Momplaisir,M,maintenance,698 N Allen Rd,Hamilton,Ontario,L8S7H4,1983-6-19
99661577,Oliva,Ambert,M,maintenance,1 Broadway St,Hamilton,Ontario,L8S5W7,1975-1-25
99656674,Ranee,Maye,M,maintenance,5361 N 500 W #3065,Hamilton,Ontario,L8S4W6,1973-1-1
99643150,Ming,Eskew,F,maintenance,4153 Broughton Ave,Hamilton,Ontario,L8S4V7,1973-1-1
99648585,Annice,Peckens,F,maintenance,5 Falls Rd,Hamilton,Ontario,L8S5W9,1992-5-5
99657080,Effie,Frymark,F,maintenance,51 3rd Ave,Hamilton,Ontario,L8S3F3,1978-10-23
99648102,Maricela,Conger,M,maintenance,865 N Port Ave,Hamilton,Ontario,L8S5H9,1983-4-19
99662272,Esteban,Plantenberg,F,maintenance,78 E River,Hamilton,Ontario,L8S2H3,1973-5-24
99632024,Doretha,Wykle,M,maintenance,5106 N Laurel Park Dr,Hamilton,Ontario,L8S2F4,1983-7-21
99661068,Dorsey,Neitzke,M,maintenance,9768 A Aven #112,Hamilton,Ontario,L8S9B9,1972-1-7
99643428,Amie,Okuniewski,M,maintenance,24 Venice Rd,Hamilton,Ontario,L8S9E4,2015-6-7
99650614,Bulah,Berkoff,M,maintenance,2497 Pennsylvania Ave,Hamilton,Ontario,L8S1M9,1979-4-13
99655910,Erin,Delbosque,M,maintenance,357 W Mount Royal Ave,Hamilton,Ontario,L8S6M4,1989-8-26
99620783,Kassandra,Marushia,M,maintenance,123 Euclid Ave #9396,Hamilton,Ontario,L8S5W7,1974-4-13
99629779,Leslee,Matsuno,M,maintenance,1251 E Main St #990,Hamilton,Ontario,L8S2T5,1985-3-25
99639966,Daniel,Dobler,F,maintenance,259 W 17th St #39,Hamilton,Ontario,L8S2E8,1985-8-3
99619525,Antonio,Unruh,F,maintenance,9 Route 38,Hamilton,Ontario,L8S3B4,1980-7-7